,idx,model_name,train_MSE,train_R2,test_MSE,test_R2
0,0.0,LinearRegression,24.589230199980374,0.6604607164419499,12.460300569202115,0.6548286323661001
1,1.0,LinearRegression,22.240921935360973,0.6256786306380704,26.048621106234737,0.6524614765546499
2,2.0,LinearRegression,21.190518394695545,0.5611108961141344,33.0741379797644,0.11358271841022571
3,3.0,LinearRegression,12.917563275905351,0.8120838675339375,80.76237111919644,-0.5114766228011176
4,4.0,LinearRegression,22.737189343488662,0.6402981854594996,33.31360656409804,0.017174461614263392
